<?xml version="1.0" encoding="UTF-8"?>
<!--
 This is a WordPress eXtended RSS file generated by WordPress as an export of your site.
 It contains information about your site's posts, pages, comments, categories, and other content.
 You may use this file to transfer that content from one site to another.
 This file is not intended to serve as a complete backup of your site.

 To import this information into a WordPress site follow these steps:
 1. Log in to that site as an administrator.
 2. Go to Tools: Import in the WordPress admin panel.
 3. Install the "WordPress" importer from the list.
 4. Activate & Run Importer.
 5. Upload this file using the form provided on that page.
 6. You will first be asked to map the authors in this export file to users
    on the site. For each author, you may choose to map to an
    existing user on the site or to create a new user.
 7. WordPress will then import each of the posts, pages, comments, categories, etc.
    contained in this file into your site.
-->
<!-- generator="WordPress.com" created="2022-10-10 21:30"-->
<rss version="2.0" xmlns:excerpt="http://wordpress.org/export/1.2/excerpt/" xmlns:content="http://purl.org/rss/1.0/modules/content/" xmlns:wfw="http://wellformedweb.org/CommentAPI/" xmlns:dc="http://purl.org/dc/elements/1.1/" xmlns:wp="http://wordpress.org/export/1.2/">
  <channel>
<title>Cover Your UART</title>
<link>https://coveryouruart.wordpress.com</link>
<description>Shiva, Betrayed</description>
<pubDate>Mon, 10 Oct 2022 21:30:58 +0000</pubDate>
<language>en</language>
<wp:wxr_version>1.2</wp:wxr_version>
<wp:base_site_url>http://wordpress.com/</wp:base_site_url>
<wp:base_blog_url>https://coveryouruart.wordpress.com</wp:base_blog_url>
<wp:author>
  <wp:author_id>19811771</wp:author_id>
  <wp:author_login>thiscouldbebetter</wp:author_login>
  <wp:author_email>dougdigdag@yahoo.com</wp:author_email>
  <wp:author_display_name><![CDATA[thiscouldbebetter]]></wp:author_display_name>
  <wp:author_first_name><![CDATA[]]></wp:author_first_name>
  <wp:author_last_name><![CDATA[]]></wp:author_last_name>
</wp:author>
<wp:category>
  <wp:term_id>1</wp:term_id>
  <wp:category_nicename>uncategorized</wp:category_nicename>
  <wp:category_parent/>
  <wp:cat_name><![CDATA[Uncategorized]]></wp:cat_name>
</wp:category>
<wp:tag>
  <wp:term_id>21</wp:term_id>
  <wp:tag_slug>games</wp:tag_slug>
  <wp:tag_name><![CDATA[games]]></wp:tag_name>
</wp:tag>
<generator>http://wordpress.com/</generator>
<image>
		<url>http://s0.wp.com/i/buttonw-com.png</url>
		<title>Cover Your UART</title>
		<link>https://coveryouruart.wordpress.com</link>
	</image>
	<item>
  <title><![CDATA[About]]></title>
  <link>https://coveryouruart.wordpress.com/about/</link>
  <pubDate>Sat, 03 Mar 2012 23:33:06 +0000</pubDate>
  <dc:creator>thiscouldbebetter</dc:creator>
  <guid isPermaLink="false">http://coveryouruart.wordpress.com/?page_id=2</guid>
  <description/>
  <content:encoded><![CDATA[This is an example of a WordPress page, you could edit this to put information about yourself or your site so readers know where you are coming from. You can create as many pages like this one or sub-pages as you like and manage all of your content inside of WordPress.]]></content:encoded>
  <excerpt:encoded><![CDATA[]]></excerpt:encoded>
  <wp:post_id>2</wp:post_id>
  <wp:post_date>2012-03-03 23:33:06</wp:post_date>
  <wp:post_date_gmt>2012-03-03 23:33:06</wp:post_date_gmt>
  <wp:post_modified>2012-03-03 23:33:06</wp:post_modified>
  <wp:post_modified_gmt>2012-03-03 23:33:06</wp:post_modified_gmt>
  <wp:comment_status>open</wp:comment_status>
  <wp:ping_status>open</wp:ping_status>
  <wp:post_name>about</wp:post_name>
  <wp:status>publish</wp:status>
  <wp:post_parent>0</wp:post_parent>
  <wp:menu_order>0</wp:menu_order>
  <wp:post_type>page</wp:post_type>
  <wp:post_password/>
  <wp:is_sticky>0</wp:is_sticky>
  <wp:postmeta>
    <wp:meta_key>_wp_page_template</wp:meta_key>
    <wp:meta_value><![CDATA[default]]></wp:meta_value>
  </wp:postmeta>
</item>
<item>
  <title><![CDATA[Erased from History Despite Being Barely Memorable Anyway]]></title>
  <link>https://coveryouruart.wordpress.com/2012/07/18/erased-from-history-despite-being-barely-memorable-anyway/</link>
  <pubDate>Wed, 18 Jul 2012 23:00:09 +0000</pubDate>
  <dc:creator>thiscouldbebetter</dc:creator>
  <guid isPermaLink="false">http://coveryouruart.wordpress.com/?p=11</guid>
  <description/>
  <content:encoded><![CDATA[Google's Chrome browser has a bug.

When you're on Wikipedia, and you're clicking the Random Page button over and over again because you're bored and the only thing keeping you alive other the possibility of future exciting advances in manned space travel is the hope that maybe the Wikipedia gods (or, the "Wikipantheon") will maybe send you an article on some Marvel Comics character from 1982 that you vaguely feel like you maybe remember him but on the other hand maybe you've never seen him before and you're thinking of the other guy that they made up because his costume has a lot of purple in it and they had too much purple ink on hand at the printer's that week, sometimes you accidentally click the link one too many times, and you get an article about some voivodeship in Poland or whatever the equivalent of a voivodeship in Azerbaijan is, because about 35% of all Wikipedia articles are one or the other of those.  So you click the back button to go back to Marjlan the Marauder's page, but it doesn't go back to there, it goes back to whatever the first page you visited on Wikipedia was.

So basically, it ignores history.  Which, in browsers as in civilizations, is an indicator of impending disintegration.

And it's been a known bug since about 2003, which is about five years before Chrome was even released.  They clearly have no intention of ever fixing it.  They won't even condescend to respond to the whiny beggars who comment about it on the bug tracker.

Everybody write your congressmen immediately.  Or, if you're Azerbaijani, whatever your equivalent of a congressman is.  Oh, and stop posting so many voivodeships already.

Update: This seems to happen on pretty much ANY wiki with a Random Link page.  Oh, and on photo galleries and stuff.  C'mon, guys.  Get <em>with</em> it.]]></content:encoded>
  <excerpt:encoded><![CDATA[]]></excerpt:encoded>
  <wp:post_id>11</wp:post_id>
  <wp:post_date>2012-07-18 23:00:09</wp:post_date>
  <wp:post_date_gmt>2012-07-18 23:00:09</wp:post_date_gmt>
  <wp:post_modified>2012-07-28 16:44:27</wp:post_modified>
  <wp:post_modified_gmt>2012-07-28 16:44:27</wp:post_modified_gmt>
  <wp:comment_status>open</wp:comment_status>
  <wp:ping_status>open</wp:ping_status>
  <wp:post_name>erased-from-history-despite-being-barely-memorable-anyway</wp:post_name>
  <wp:status>publish</wp:status>
  <wp:post_parent>0</wp:post_parent>
  <wp:menu_order>0</wp:menu_order>
  <wp:post_type>post</wp:post_type>
  <wp:post_password/>
  <wp:is_sticky>0</wp:is_sticky>
  <category domain="category" nicename="uncategorized"><![CDATA[Uncategorized]]></category>
  <wp:postmeta>
    <wp:meta_key>_edit_last</wp:meta_key>
    <wp:meta_value><![CDATA[19811771]]></wp:meta_value>
  </wp:postmeta>
</item>
<item>
  <title><![CDATA[Convergence Chart of PC Game Developers and Publishers]]></title>
  <link>https://coveryouruart.wordpress.com/2012/07/28/convergence-chart-of-pc-game-developers-and-publishers/</link>
  <pubDate>Sat, 28 Jul 2012 16:32:42 +0000</pubDate>
  <dc:creator>thiscouldbebetter</dc:creator>
  <guid isPermaLink="false">http://coveryouruart.wordpress.com/?p=16</guid>
  <description/>
  <content:encoded><![CDATA[So I made this convergence chart of video game developers and publishers of the PC era.  You can see who bought who, and when.  And there's a bunch of games mentioned in there too, in case you turned off VH1 and allowed yourself to forget anything that happened in the 80's or 90's, even for a moment.

I made it as a vector-based image, but WordPress is apparently betting that those are a passing fad, because they wouldn't allow me to upload it.  Or maybe they consider .svg's some kind of leet hax0r packetsniffing wardialing tool.  Or maybe vector-graphics support is just a $19.99/yr. facet of their freemium upgrade plan.  All speculation aside, the upshot is I had to convert it to a .png.  

If I had it to do over again, I guess might leave out most of the 1970s.  But then again, who <em>wouldn't?  </em>Right?

<a href="http://coveryouruart.files.wordpress.com/2012/07/videogamedeveloperconvergence.png"><img class="alignnone size-full wp-image-17" title="VideoGameDeveloperConvergence" src="http://coveryouruart.files.wordpress.com/2012/07/videogamedeveloperconvergence.png" alt="" width="580" height="813" /></a>]]></content:encoded>
  <excerpt:encoded><![CDATA[]]></excerpt:encoded>
  <wp:post_id>16</wp:post_id>
  <wp:post_date>2012-07-28 16:32:42</wp:post_date>
  <wp:post_date_gmt>2012-07-28 16:32:42</wp:post_date_gmt>
  <wp:post_modified>2012-07-29 01:02:28</wp:post_modified>
  <wp:post_modified_gmt>2012-07-29 01:02:28</wp:post_modified_gmt>
  <wp:comment_status>open</wp:comment_status>
  <wp:ping_status>open</wp:ping_status>
  <wp:post_name>convergence-chart-of-pc-game-developers-and-publishers</wp:post_name>
  <wp:status>publish</wp:status>
  <wp:post_parent>0</wp:post_parent>
  <wp:menu_order>0</wp:menu_order>
  <wp:post_type>post</wp:post_type>
  <wp:post_password/>
  <wp:is_sticky>0</wp:is_sticky>
  <category domain="post_format" nicename="post-format-image"><![CDATA[Image]]></category>
  <category domain="category" nicename="uncategorized"><![CDATA[Uncategorized]]></category>
  <wp:postmeta>
    <wp:meta_key>_edit_last</wp:meta_key>
    <wp:meta_value><![CDATA[19811771]]></wp:meta_value>
  </wp:postmeta>
</item>
<item>
  <title><![CDATA[VideoGameDeveloperConvergence]]></title>
  <link>https://coveryouruart.wordpress.com/2012/07/28/convergence-chart-of-pc-game-developers-and-publishers/videogamedeveloperconvergence/</link>
  <pubDate>Sat, 28 Jul 2012 16:28:57 +0000</pubDate>
  <dc:creator>thiscouldbebetter</dc:creator>
  <guid isPermaLink="false">http://coveryouruart.files.wordpress.com/2012/07/videogamedeveloperconvergence.png</guid>
  <description/>
  <content:encoded><![CDATA[]]></content:encoded>
  <excerpt:encoded><![CDATA[]]></excerpt:encoded>
  <wp:post_id>17</wp:post_id>
  <wp:post_date>2012-07-28 16:28:57</wp:post_date>
  <wp:post_date_gmt>2012-07-28 16:28:57</wp:post_date_gmt>
  <wp:post_modified>2012-07-28 16:28:57</wp:post_modified>
  <wp:post_modified_gmt>2012-07-28 16:28:57</wp:post_modified_gmt>
  <wp:comment_status>open</wp:comment_status>
  <wp:ping_status>open</wp:ping_status>
  <wp:post_name>videogamedeveloperconvergence</wp:post_name>
  <wp:status>inherit</wp:status>
  <wp:post_parent>16</wp:post_parent>
  <wp:menu_order>0</wp:menu_order>
  <wp:post_type>attachment</wp:post_type>
  <wp:post_password/>
  <wp:is_sticky>0</wp:is_sticky>
  <wp:attachment_url>https://coveryouruart.files.wordpress.com/2012/07/videogamedeveloperconvergence.png</wp:attachment_url>
  <wp:postmeta>
    <wp:meta_key>_wp_attached_file</wp:meta_key>
    <wp:meta_value><![CDATA[/home/wpcom/public_html/wp-content/blogs.dir/5df/33460529/files/2012/07/videogamedeveloperconvergence.png]]></wp:meta_value>
  </wp:postmeta>
  <wp:postmeta>
    <wp:meta_key>_wp_attachment_metadata</wp:meta_key>
    <wp:meta_value><![CDATA[a:5:{s:5:"width";i:1600;s:6:"height";i:2244;s:14:"hwstring_small";s:22:"height='96' width='68'";s:4:"file";s:105:"/home/wpcom/public_html/wp-content/blogs.dir/5df/33460529/files/2012/07/videogamedeveloperconvergence.png";s:10:"image_meta";a:10:{s:8:"aperture";i:0;s:6:"credit";s:0:"";s:6:"camera";s:0:"";s:7:"caption";s:0:"";s:17:"created_timestamp";i:0;s:9:"copyright";s:0:"";s:12:"focal_length";i:0;s:3:"iso";i:0;s:13:"shutter_speed";i:0;s:5:"title";s:0:"";}}]]></wp:meta_value>
  </wp:postmeta>
</item>
<item>
  <title><![CDATA[Logic Factory is Still Probably Not Really Making Ascendancy 2]]></title>
  <link>https://coveryouruart.wordpress.com/2014/02/07/logic-factory-is-still-probably-not-really-making-ascendancy-2/</link>
  <pubDate>Fri, 07 Feb 2014 19:28:14 +0000</pubDate>
  <dc:creator>thiscouldbebetter</dc:creator>
  <guid isPermaLink="false">http://coveryouruart.wordpress.com/?p=28</guid>
  <description/>
  <content:encoded><![CDATA[The Logic Factory, maker of the classic 1996 DOS game _Ascendancy_, is probably not working on a sequel.  Still.  Despite the fact that they promised to, and despite the fact that they claimed to be working on one for, like, four years, and for all I know, still claim to be working on it.

If I remember correctly, they first claimed to be working on _Ascendancy 2_ on their website, <a href="http://logicfactory.com">logicfactory.com</a>, sometime around 2009 or so.  But then they removed any prominent references to a possible sequel from their website in favor of an iOS port of the original game, which they appear to have been shilling for almost exclusively ever since.  I say "almost exclusively" because for about a month after Steve Jobs died, the site initially redirected visitors to a page that said something along the lines of "We miss you, Mac Daddy; we wish you were still inside us".

Disgraceful.]]></content:encoded>
  <excerpt:encoded><![CDATA[]]></excerpt:encoded>
  <wp:post_id>28</wp:post_id>
  <wp:post_date>2014-02-07 19:28:14</wp:post_date>
  <wp:post_date_gmt>2014-02-07 19:28:14</wp:post_date_gmt>
  <wp:post_modified>2014-02-07 19:28:14</wp:post_modified>
  <wp:post_modified_gmt>2014-02-07 19:28:14</wp:post_modified_gmt>
  <wp:comment_status>open</wp:comment_status>
  <wp:ping_status>open</wp:ping_status>
  <wp:post_name>logic-factory-is-still-probably-not-really-making-ascendancy-2</wp:post_name>
  <wp:status>publish</wp:status>
  <wp:post_parent>0</wp:post_parent>
  <wp:menu_order>0</wp:menu_order>
  <wp:post_type>post</wp:post_type>
  <wp:post_password/>
  <wp:is_sticky>0</wp:is_sticky>
  <category domain="post_tag" nicename="games"><![CDATA[games]]></category>
  <category domain="category" nicename="uncategorized"><![CDATA[Uncategorized]]></category>
  <wp:postmeta>
    <wp:meta_key>_edit_last</wp:meta_key>
    <wp:meta_value><![CDATA[19811771]]></wp:meta_value>
  </wp:postmeta>
  <wp:postmeta>
    <wp:meta_key>_publicize_pending</wp:meta_key>
    <wp:meta_value><![CDATA[1]]></wp:meta_value>
  </wp:postmeta>
</item>
  </channel>
</rss>
